# 增删改

## 创建表

建表语句的语法格式：
```
create table 表名(
  字段名1，数据类型
  字段名2，数据类型
  字段名3，数据类型
  字段名4，数据类型
  ...
)
```

所有的命名都是一样，最好是见名知义

关于MySQL当中字段的数据类型？常见的数据类型

int     整数型

bigint  长整型

float   浮点型

char    定长字符串

varchar 可变长字符串

date    日期类型

BLOB    二进制大对象（存储图片、视频等流媒体信息）Binary Large Object

CLOB    字符大对象（存储较大文本，比如，存储4G的字符串） Character Large Object

...

char和varchar 怎么选择

char 定长 超出长度报错 效率高 不需要做运算，分配指定多个空间 适合已知定长的类型，不会发生变化的长度eg：性别，生日等

varchar 可变长度 帮助填充长度，超出长度报错，适合数据长度不确定eg：姓名，简介等

BLOB和CLOB类型的使用？

比较小的图片也会BLOB，但是更多的时候还是放在文件服务器上

表名在数据库当中一般建议以：t_或者tbl_开始

```
创建学生表：
  学生信息包括：
    学号、姓名、性别、班级编号、生日；
    学号：bigint
    姓名：varchar
    性别：char
    班级编号：varchar
    生日：char
```
  
```
create table t_mytest(
  no bigint,
  name varchar(255),
  sex char(1),
  classno varchar(255),
  birthday char(10)
);
```

```
mysql> create table t_mytest(
    ->   no bigint,
    ->   name varchar(255),
    ->   sex char(1),
    ->   classno varchar(255),
    ->   birthday char(10)
    -> );
Query OK, 0 rows affected (0.07 sec)

mysql> show tables
    -> ;
+----------------+
| Tables_in_test |
+----------------+
| dept           |
| emp            |
| salgrade       |
| t_class        |
| t_mytest       |
| t_student      |
+----------------+
6 rows in set (0.00 sec)
```

```
mysql> desc t_mytest;
+----------+--------------+------+-----+---------+-------+
| Field    | Type         | Null | Key | Default | Extra |
+----------+--------------+------+-----+---------+-------+
| no       | bigint(20)   | YES  |     | NULL    |       |
| name     | varchar(255) | YES  |     | NULL    |       |
| sex      | char(1)      | YES  |     | NULL    |       |
| classno  | varchar(255) | YES  |     | NULL    |       |
| birthday | char(10)     | YES  |     | NULL    |       |
+----------+--------------+------+-----+---------+-------+
5 rows in set (0.00 sec)
```

## 插入数据insert

语法格式：

insert into 表名 (字段名1,字段名2,字段名3...) values (值1,值2,值3...)

insert into t_mytest (no,name,sex,classno,birthday) values (201414790221,'salvatore','1','xinkeyi2ban','1994-03-25');

前面的key的顺序是位置是可以互换的，但values和key的顺序必须要一致

insert into t_mytest (name) values ('laolong');

在这种情况下面其他的字段将会自动填充NULL

drop table if exists t_mytest;

```
create table t_mytest(
  no bigint,
  name varchar(255),
  sex char(1) default '1',
  classno varchar(255),
  birthday char(10)
);
```
default指定默认值；如果没有默认值则默认指定NULL

需要注意的地方，当一条insert语句执行成功之后，表格当中必然会多一条记录。

即使表格的数据为null，也不可使用insert修改，只能使用update

insert into t_mytest values (201414790223,'vera','0','xinkeyi2ban','1996-02-27');

这种可以，但是对数量和顺序都是强要求的；

## 表的复制

```
mysql> create table emp1 as select * from emp;
Query OK, 14 rows affected (0.07 sec)
Records: 14  Duplicates: 0  Warnings: 0
```

```
mysql> show tables;
+----------------+
| Tables_in_test |
+----------------+
| dept           |
| emp            |
| emp1           |
| salgrade       |
| t_class        |
| t_mytest       |
| t_student      |
+----------------+
7 rows in set (0.00 sec)
```

```
mysql> select * from emp1;
+-------+--------+-----------+------+------------+---------+---------+--------+
| EMPNO | ENAME  | JOB       | MGR  | HIREDATE   | SAL     | COMM    | DEPTNO |
+-------+--------+-----------+------+------------+---------+---------+--------+
|  7369 | SMITH  | CLERK     | 7902 | 1980-12-17 |  800.00 |    NULL |     20 |
|  7499 | ALLEN  | SALESMAN  | 7698 | 1981-02-20 | 1600.00 |  300.00 |     30 |
|  7521 | WARD   | SALESMAN  | 7698 | 1981-02-22 | 1250.00 |  500.00 |     30 |
|  7566 | JONES  | MANAGER   | 7839 | 1981-04-02 | 2975.00 |    NULL |     20 |
|  7654 | MARTIN | SALESMAN  | 7698 | 1981-09-28 | 1250.00 | 1400.00 |     30 |
|  7698 | BLAKE  | MANAGER   | 7839 | 1981-05-01 | 2850.00 |    NULL |     30 |
|  7782 | CLARK  | MANAGER   | 7839 | 1981-06-09 | 2450.00 |    NULL |     10 |
|  7788 | SCOTT  | ANALYST   | 7566 | 1987-04-19 | 3000.00 |    NULL |     20 |
|  7839 | KING   | PRESIDENT | NULL | 1981-11-17 | 5000.00 |    NULL |     10 |
|  7844 | TURNER | SALESMAN  | 7698 | 1981-09-08 | 1500.00 |    0.00 |     30 |
|  7876 | ADAMS  | CLERK     | 7788 | 1987-05-23 | 1100.00 |    NULL |     20 |
|  7900 | JAMES  | CLERK     | 7698 | 1981-12-03 |  950.00 |    NULL |     30 |
|  7902 | FORD   | ANALYST   | 7566 | 1981-12-03 | 3000.00 |    NULL |     20 |
|  7934 | MILLER | CLERK     | 7782 | 1982-01-23 | 1300.00 |    NULL |     10 |
+-------+--------+-----------+------+------------+---------+---------+--------+
14 rows in set (0.00 sec)
```

语法：

  create table 表名 as select语句->将查询出来的结果当作表创建出来

## 将查询出来的结果插入到一张表中

```
mysql> select * from dept1;
+--------+------------+----------+
| DEPTNO | DNAME      | LOC      |
+--------+------------+----------+
|     10 | ACCOUNTING | NEW YORK |
|     20 | RESEARCH   | DALLAS   |
|     30 | SALES      | CHICAGO  |
|     40 | OPERATIONS | BOSTON   |
+--------+------------+----------+
4 rows in set (0.00 sec)
```

```
mysql> insert into dept1 select * from dept;
Query OK, 4 rows affected (0.04 sec)
Records: 4  Duplicates: 0  Warnings: 0
```

```
mysql> select * from dept1;
+--------+------------+----------+
| DEPTNO | DNAME      | LOC      |
+--------+------------+----------+
|     10 | ACCOUNTING | NEW YORK |
|     20 | RESEARCH   | DALLAS   |
|     30 | SALES      | CHICAGO  |
|     40 | OPERATIONS | BOSTON   |
|     10 | ACCOUNTING | NEW YORK |
|     20 | RESEARCH   | DALLAS   |
|     30 | SALES      | CHICAGO  |
|     40 | OPERATIONS | BOSTON   |
+--------+------------+----------+
8 rows in set (0.00 sec)
```


## 修改表中的数据update

  语法格式：

  update 表名 set 字段名1=值1，字段名2=值2... where 条件

  注意：没有条件整张表全部更新

```
mysql> update dept1 set dname='SHANGHAI',loc='RENSHIBU' where deptno=10;
Query OK, 2 rows affected (0.04 sec)
Rows matched: 2  Changed: 2  Warnings: 0
```

```
mysql> select * from dept1;
+--------+------------+----------+
| DEPTNO | DNAME      | LOC      |
+--------+------------+----------+
|     10 | SHANGHAI   | RENSHIBU |
|     20 | RESEARCH   | DALLAS   |
|     30 | SALES      | CHICAGO  |
|     40 | OPERATIONS | BOSTON   |
|     10 | SHANGHAI   | RENSHIBU |
|     20 | RESEARCH   | DALLAS   |
|     30 | SALES      | CHICAGO  |
|     40 | OPERATIONS | BOSTON   |
+--------+------------+----------+
8 rows in set (0.00 sec)
```

```
mysql> update dept1 set dname='x', loc='y';
Query OK, 8 rows affected (0.02 sec)
Rows matched: 8  Changed: 8  Warnings: 0
```

```
mysql> select * from dept1;
+--------+-------+------+
| DEPTNO | DNAME | LOC  |
+--------+-------+------+
|     10 | x     | y    |
|     20 | x     | y    |
|     30 | x     | y    |
|     40 | x     | y    |
|     10 | x     | y    |
|     20 | x     | y    |
|     30 | x     | y    |
|     40 | x     | y    |
+--------+-------+------+
8 rows in set (0.00 sec)
```

## 删除数据？

  语法格式：

  delete from 表名 where

  注意：没有条件全部删除

```
mysql> select * from dept1;
+--------+-------+------+
| DEPTNO | DNAME | LOC  |
+--------+-------+------+
|     20 | x     | y    |
|     30 | x     | y    |
|     40 | x     | y    |
|     20 | x     | y    |
|     30 | x     | y    |
|     40 | x     | y    |
+--------+-------+------+
6 rows in set (0.00 sec)
```

```
mysql> delete from dept1
    -> ;
Query OK, 6 rows affected (0.03 sec)

mysql> select * from dept1;
Empty set (0.00 sec)
```

怎么删除大表中的数据？

delete 的效率是非常慢的，不释放物理存储空间，可回滚

确定不需要的数据？风险大，不能回滚的操作，数据永久丢失

表截断

truncate table emp1;

## insert delete update select 是需要写在程序里面去的，但是对于表结构的修改和创建等，是可以使用工具的，在实际开发中一旦表设计好之后，对表结构的修改是很少的，修改表结构就是对之前的设计的否定，但是一些修改也是必须的

增删改查：CRUD操作

create（增） retrieve（检索） update delete